<?xml version="1.0" encoding="UTF-8"?>
<!DOCTYPE log4j:configuration PUBLIC "-//APACHE//DTD LOG4J 1.2//EN" "log4j.dtd">
<log4j:configuration xmlns:log4j="http://jakarta.apache.org/log4j/">

	<!-- Appenders -->
	<appender name="console" class="org.apache.log4j.ConsoleAppender">
		<param name="Target" value="System.out" />
		<layout class="org.apache.log4j.PatternLayout">
			<param name="ConversionPattern" value="%d [%-5p] (%13F:%L) : %m%n" />
		</layout>
	</appender>

	<!-- Application Loggers -->
	<logger name="com.diquest">
		<level value="INFO" />
	</logger>

	<!-- Root Logger -->
	<root>
		<level value="INFO" />
		<appender-ref ref="console" />
	</root>

</log4j:configuration>
